INSERT INTO executable (executable_id) VALUES
(1047545760),
(-1600300477),
(-2105810137),
(1452891801),
(-1029641629),
(-1706171781),
(1875497512),
(-849797475),
(-599921853),
(999462191),
(-1677324672),
(-229931694),
(86406498),
(-879086865),
(154517142),
(-1501261256),
(-2040983793),
(1812519933),
(802058530),
(194503665),
(-338552389),
(-77601321),
(-695944252),
(1702388229),
(1181191227),
(-1835570254),
(124361584),
(745140757),
(1580253810),
(2022985925),
(-1200364121),
(-412029649),
(-514239297),
(-872920148),
(833142074),
(-1995458858),
(-467845716),
(1986521733),
(-1172977275),
(-1735194277),
(-442395539),
(-1817650217),
(-1088110447),
(-377165238),
(-204807597),
(-671416127),
(-386839489),
(1763945752),
(-367991078),
(-1883855239),
(-1633670756),
(-516199639),
(148892123),
(663056350),
(-1451327212),
(-308817276),
(1472628808),
(-1759988391),
(1928584324),
(576664054),
(10129607),
(-327406373),
(1901199082),
(2030950282),
(1912739110),
(-1479065934),
(-1410182031),
(-1871629611),
(-1230658196),
(1054476765),
(785206599),
(-10838232),
(-1920008809),
(1329135967);

INSERT INTO repository (repo_id) VALUES
(322548944);

INSERT INTO organization (organization_id, title, slots_per_bucket) VALUES 
(322548944, 'Washington State University', 18);

INSERT INTO task (task_id, parent_org, subject, number, slot_weight) VALUES
(1047545760, 322548944, 'CPTS', '489', 3),
(-1600300477, 322548944, 'CPTS', '488', 3),
(-2105810137, 322548944, 'CPTS', '487', 3),
(1452891801, 322548944, 'CPTS', '486', 3),
(-1029641629, 322548944, 'CPTS', '485', 3),
(-1706171781, 322548944, 'CPTS', '484', 3),
(1875497512, 322548944, 'CPTS', '483', 3),
(-849797475, 322548944, 'CPTS', '481', 3),
(-599921853, 322548944, 'CPTS', '479', 3),
(999462191, 322548944, 'CPTS', '478', 3),
(-1677324672, 322548944, 'CPTS', '476', 3),
(-229931694, 322548944, 'CPTS', '475', 3),
(86406498, 322548944, 'CPTS', '471', 3),
(-879086865, 322548944, 'CPTS', '466', 3),
(154517142, 322548944, 'CPTS', '464', 3),
(-1501261256, 322548944, 'CPTS', '460', 3),
(-2040983793, 322548944, 'CPTS', '455', 3),
(1812519933, 322548944, 'CPTS', '453', 3),
(802058530, 322548944, 'CPTS', '452', 3),
(194503665, 322548944, 'CPTS', '451', 3),
(-338552389, 322548944, 'CPTS', '443', 3),
(-77601321, 322548944, 'CPTS', '442', 3),
(-695944252, 322548944, 'CPTS', '440', 3),
(1702388229, 322548944, 'CPTS', '439', 3),
(1181191227, 322548944, 'CPTS', '438', 3),
(-1835570254, 322548944, 'CPTS', '437', 3),
(124361584, 322548944, 'CPTS', '434', 3),
(745140757, 322548944, 'CPTS', '430', 3),
(1580253810, 322548944, 'CPTS', '428', 3),
(2022985925, 322548944, 'CPTS', '427', 3),
(-1200364121, 322548944, 'CPTS', '423', 3),
(-412029649, 322548944, 'CPTS', '422', 3),
(-514239297, 322548944, 'CPTS', '421', 3),
(-872920148, 322548944, 'CPTS', '415', 3),
(833142074, 322548944, 'CPTS', '411', 3),
(-1995458858, 322548944, 'CPTS', '401', 3),
(-467845716, 322548944, 'CPTS', '370', 4),
(1986521733, 322548944, 'CPTS', '360', 4),
(-1172977275, 322548944, 'CPTS', '355', 3),
(-1735194277, 322548944, 'CPTS', '350', 3),
(-442395539, 322548944, 'CPTS', '327', 3),
(-1817650217, 322548944, 'CPTS', '323', 3),
(-1088110447, 322548944, 'CPTS', '322', 3),
(-377165238, 322548944, 'CPTS', '321', 3),
(-204807597, 322548944, 'CPTS', '317', 3),
(-671416127, 322548944, 'CPTS', '315', 3),
(-386839489, 322548944, 'CPTS', '302', 3),
(1763945752, 322548944, 'CPTS', '260', 3),
(-367991078, 322548944, 'CPTS', '233', 3),
(-1883855239, 322548944, 'CPTS', '224', 2),
(-1633670756, 322548944, 'CPTS', '223', 3),
(-516199639, 322548944, 'CPTS', '215', 3),
(148892123, 322548944, 'CPTS', '132', 4),
(663056350, 322548944, 'CPTS', '131', 4),
(-1451327212, 322548944, 'CPTS', '122', 4),
(-308817276, 322548944, 'CPTS', '121', 4),
(1472628808, 322548944, 'CPTS', '111', 3),
(-1759988391, 322548944, 'EE', '261', 3),
(1928584324, 322548944, 'EE', '234', 4),
(576664054, 322548944, 'EE', '221', 2),
(10129607, 322548944, 'MATH', '315', 3),
(-327406373, 322548944, 'MATH', '300', 3),
(1901199082, 322548944, 'MATH', '230', 3),
(2030950282, 322548944, 'MATH', '225', 3),
(1912739110, 322548944, 'MATH', '220', 2),
(-1479065934, 322548944, 'MATH', '216', 3),
(-1410182031, 322548944, 'MATH', '202', 3),
(-1871629611, 322548944, 'MATH', '201', 3),
(-1230658196, 322548944, 'MATH', '182', 4),
(1054476765, 322548944, 'MATH', '172', 4),
(785206599, 322548944, 'MATH', '171', 4),
(-10838232, 322548944, 'MATH', '108', 2),
(-1920008809, 322548944, 'MATH', '103', 3),
(1329135967, 322548944, 'MATH', '101', 3);

INSERT INTO executable (executable_id) VALUES 
(1954948891);

INSERT INTO objective (objective_id, parent_org, title) VALUES 
(1954948891, 322548944, 'B.S in Computer Science');

INSERT INTO path (path_id, parent_id) VALUES
(-344772719, 1047545760),
(-32761102, -2105810137),
(-1149330780, 1452891801),
(-306839107, 1452891801),
(1450413304, 1452891801),
(1705136383, -1029641629),
(697202506, -1029641629),
(620496342, -1029641629),
(921562973, -1706171781),
(-1034417669, -849797475),
(1940559822, -849797475),
(-69020227, -599921853),
(1382583532, -599921853),
(129467090, 999462191),
(1203608209, -1677324672),
(486345210, -229931694),
(-2102841164, -229931694),
(940137756, -229931694),
(-1283535999, 86406498),
(695785551, 86406498),
(1677704643, -879086865),
(-1638940116, 154517142),
(-2118891205, 154517142),
(-195008381, 154517142),
(1674851475, -1501261256),
(487365066, -2040983793),
(-1546480308, -2040983793),
(-1684136803, -2040983793),
(1449138028, 1812519933),
(-1691857448, 1812519933),
(-1810091902, 1812519933),
(82374009, 802058530),
(-1203829557, 194503665),
(-334799634, 194503665),
(183824533, 194503665),
(-1873370956, -338552389),
(-4768807, -338552389),
(2146248570, -77601321),
(-143878119, -77601321),
(-1688011972, -695944252),
(-93628787, -695944252),
(1664862239, 1181191227),
(-1371128769, 1181191227),
(785222319, 1181191227),
(-512326172, 1181191227),
(1746314656, 124361584),
(-1110363252, 124361584),
(-874771684, 745140757),
(1353143728, 745140757),
(1402505904, 745140757),
(205745424, 1580253810),
(-208387544, 2022985925),
(504699580, -1200364121),
(-920538678, -514239297),
(833903945, -514239297),
(-545999079, -872920148),
(1845047530, -872920148),
(-2071731423, -872920148),
(1528092224, 833142074),
(-947875592, 833142074),
(-610734373, 833142074),
(1742894241, -1995458858),
(1585027226, -1995458858),
(-741806970, -1995458858),
(-1992798016, -467845716),
(-347120876, -467845716),
(1017608685, 1986521733),
(80550920, 1986521733),
(1158953231, -1172977275),
(1593799671, -1172977275),
(-122400769, -1735194277),
(685380092, -1735194277),
(1475752254, -1735194277),
(81997137, -442395539),
(1506932419, -442395539),
(-709274009, -442395539),
(992368197, -442395539),
(26105215, -442395539),
(-1323289641, -442395539),
(-1581687341, -442395539),
(-2128072184, -442395539),
(-4166220, -1817650217),
(-603034812, -1817650217),
(675708442, -1088110447),
(-807907350, -1088110447),
(1034080367, -1088110447),
(559735431, -377165238),
(1789964365, -377165238),
(1541240626, -204807597),
(1171623909, -204807597),
(-1033630281, -671416127),
(1618159796, -671416127),
(1180335978, -671416127),
(654548588, 1763945752),
(576401440, 1763945752),
(1439457910, -367991078),
(1084764510, -1883855239),
(-1079884941, -1883855239),
(-623655046, -1633670756),
(-519703751, -516199639),
(-504613595, -516199639),
(258706035, 148892123),
(1863418816, 663056350),
(621550232, 663056350),
(288739593, 663056350),
(-1204164643, 663056350),
(-758940332, 663056350),
(-419976660, 663056350),
(-485761835, 663056350),
(-697848330, 663056350),
(-1200561955, -1451327212),
(1415639000, -308817276),
(-2099595875, -308817276),
(-197808186, -308817276),
(758866567, -308817276),
(1966308866, -308817276),
(344040643, -308817276),
(-1231956060, -308817276),
(1650714034, -308817276),
(7952763, 1472628808),
(-1981420510, -386839489),
(1460421304, -386839489),
(1721920528, -386839489),
(-53412888, -386839489);

INSERT INTO in_path (parent_path, child_executable_id) VALUES
(-344772719, -1088110447),
(-32761102, -377165238),
(-32761102, -1088110447),
(-1149330780, -1029641629),
(-1149330780, -516199639),
(-306839107, -1029641629),
(-306839107, -1633670756),
(1450413304, -1029641629),
(1450413304, -367991078),
(1705136383, -516199639),
(697202506, -1633670756),
(620496342, -367991078),
(921562973, -1088110447),
(-1034417669, -1633670756),
(-1034417669, -1883855239),
(1940559822, -1633670756),
(1940559822, 1986521733),
(-69020227, -1633670756),
(1382583532, -367991078),
(129467090, -1088110447),
(1203608209, -1088110447),
(486345210, -516199639),
(-2102841164, -1633670756),
(940137756, -367991078),
(-1283535999, -1735194277),
(-1283535999, -1633670756),
(695785551, -1735194277),
(695785551, -367991078),
(1677704643, 1986521733),
(-1638940116, -1633670756),
(-2118891205, -367991078),
(-195008381, 1928584324),
(1674851475, 1986521733),
(487365066, 1986521733),
(-1546480308, -467845716),
(-1684136803, 1928584324),
(1449138028, 1912739110),
(-1691857448, 2030950282),
(-1810091902, 1901199082),
(82374009, -1172977275),
(82374009, -204807597),
(-1203829557, -516199639),
(-334799634, -1633670756),
(183824533, -367991078),
(-1873370956, -1633670756),
(-4768807, -367991078),
(2146248570, -1633670756),
(2146248570, 1912739110),
(2146248570, -1883855239),
(-143878119, -1633670756),
(-143878119, 1912739110),
(-143878119, 1986521733),
(-1688011972, -1633670756),
(-93628787, -367991078),
(1664862239, 1054476765),
(1664862239, -1883855239),
(1664862239, -1633670756),
(-1371128769, 1054476765),
(-1371128769, -1883855239),
(-1371128769, -367991078),
(785222319, -1230658196),
(785222319, -1883855239),
(785222319, -1633670756),
(-512326172, -1230658196),
(-512326172, -1883855239),
(-512326172, -367991078),
(1746314656, 576664054),
(1746314656, -308817276),
(-1110363252, 576664054),
(-1110363252, 663056350),
(-874771684, 10129607),
(-874771684, -308817276),
(1353143728, 10129607),
(1353143728, 663056350),
(1402505904, 10129607),
(1402505904, -327406373),
(205745424, -442395539),
(-208387544, -442395539),
(504699580, -514239297),
(-920538678, -377165238),
(-920538678, -1088110447),
(-920538678, 1986521733),
(833903945, -377165238),
(833903945, -1088110447),
(833903945, -467845716),
(-545999079, -516199639),
(1845047530, -1633670756),
(-2071731423, -367991078),
(1528092224, -516199639),
(-947875592, -1633670756),
(-610734373, -367991078),
(1742894241, -516199639),
(1585027226, -1633670756),
(-741806970, -367991078),
(-1992798016, -1633670756),
(-1992798016, 1763945752),
(-347120876, -1633670756),
(-347120876, 1928584324),
(1017608685, -1633670756),
(1017608685, 1763945752),
(80550920, -1633670756),
(80550920, 1928584324),
(1158953231, -1633670756),
(1593799671, -367991078),
(-122400769, -204807597),
(-122400769, -516199639),
(685380092, -204807597),
(685380092, -1633670756),
(1475752254, -204807597),
(1475752254, -367991078),
(81997137, -1479065934),
(81997137, 1986521733),
(81997137, 1763945752),
(81997137, -1633670756),
(1506932419, 1986521733),
(1506932419, 1763945752),
(1506932419, -1479065934),
(1506932419, -367991078),
(-709274009, 1986521733),
(-709274009, -1479065934),
(-709274009, 1928584324),
(-709274009, -1633670756),
(992368197, -1479065934),
(992368197, 1986521733),
(992368197, 1928584324),
(992368197, -367991078),
(26105215, -1479065934),
(26105215, 1763945752),
(26105215, -1633670756),
(26105215, -467845716),
(-1323289641, -1479065934),
(-1323289641, 1763945752),
(-1323289641, -367991078),
(-1323289641, -467845716),
(-1581687341, -1479065934),
(-1581687341, 1928584324),
(-1581687341, -1633670756),
(-1581687341, -467845716),
(-2128072184, -1479065934),
(-2128072184, 1928584324),
(-2128072184, -367991078),
(-2128072184, -467845716),
(-4166220, -1633670756),
(-4166220, -1088110447),
(-603034812, -367991078),
(-603034812, -1088110447),
(675708442, -516199639),
(-807907350, -1633670756),
(1034080367, -367991078),
(559735431, -1633670756),
(1789964365, -367991078),
(1541240626, -1451327212),
(1541240626, -1479065934),
(1171623909, 148892123),
(1171623909, -1479065934),
(-1033630281, -516199639),
(1618159796, -1633670756),
(1180335978, -367991078),
(654548588, -1633670756),
(576401440, -367991078),
(1439457910, -1479065934),
(1439457910, 148892123),
(1084764510, -1451327212),
(-1079884941, 148892123),
(-623655046, -1451327212),
(-623655046, -516199639),
(-519703751, -1451327212),
(-504613595, 148892123),
(258706035, 663056350),
(1863418816, 1472628808),
(1863418816, -10838232),
(621550232, 1472628808),
(621550232, 785206599),
(288739593, 1472628808),
(288739593, 1054476765),
(-1204164643, 1472628808),
(-1204164643, -1230658196),
(-758940332, 1472628808),
(-758940332, -1871629611),
(-419976660, 1472628808),
(-419976660, -1410182031),
(-485761835, 1472628808),
(-485761835, -1479065934),
(-697848330, 1472628808),
(-697848330, 1912739110),
(-1200561955, -308817276),
(1415639000, 1472628808),
(1415639000, -10838232),
(-2099595875, 1472628808),
(-2099595875, 785206599),
(-197808186, 1472628808),
(-197808186, 1054476765),
(758866567, 1472628808),
(758866567, -1230658196),
(1966308866, 1472628808),
(1966308866, -1871629611),
(344040643, 1472628808),
(344040643, -1410182031),
(-1231956060, 1472628808),
(-1231956060, -1479065934),
(1650714034, 1472628808),
(1650714034, 1912739110),
(7952763, 1329135967),
(7952763, -1920008809),
(-1981420510, -1451327212),
(1460421304, 148892123),
(1721920528, -308817276),
(1721920528, -1759988391),
(-53412888, 663056350),
(-53412888, -1759988391);

INSERT INTO path (path_id, parent_id) VALUES
(208191860, 1954948891);

INSERT INTO in_path (parent_path, child_executable_id) VALUES
(208191860, -308817276),
(208191860, -1451327212),
(208191860, 785206599),
(208191860, 1054476765),
(208191860, -1479065934),
(208191860, -386839489),
(208191860, -204807597),
(208191860, -1088110447),
(208191860, -1735194277),
(208191860, -1172977275),
(208191860, 1986521733),
(208191860, -514239297),
(208191860, -1200364121),
(208191860, 2022985925);

